{"combined_scale": [0.017124753445386887, 0.017507003620266914, 0.01742919348180294], "combined_offset": [-2.1179039478302, -2.0357143878936768, -1.804444432258606]}